NBA, #NBA
NBA Twitter, #NBATwitter
Atlanta Hawks, #TrueToAtlanta
Brooklyn Nets, #WeGoHard
Boston Celtics, #CUsRise
Charlotte Hornets, #Hornets30
Chicago Bulls, #BullsNation
Cleveland Cavaliers, #BeTheFight
Dallas Mavericks, #MFFL
Denver Nuggets, #MileHighBasketball
Detroit Pistons, #DetroitBasketball
Golden State Warriors, #DubNation
Houston Rockets, #Rockets
Indiana Pacers, #Pacers
Los Angeles Clippers, #ClipperNation
Los Angeles Lakers, #LakeShow
Memphis Grizzlies, #GrindCity
Miami Heat, #HEATCulture
Milwaukee Bucks, #FearTheDeer
Minnesota Timberwolves, #AllEyesNorth
New Orleans Pelicans, #DoItBig
New York Knicks, #NewYorkForever
Oklahoma City Thunder, #ThunderUp
Orlando Magic, #PureMagic
Philadelphia 76ers, #HereTheyCome
Phoenix Suns, #TimeToRise
Portland Trail Blazers, #RipCity
Sacramento Kings, #SacramentoProud
San Antonio Spurs, #GoSpursGo
Toronto Raptors, #WeTheNorth
Utah Jazz, #TeamIsEverything
Washington Wizards, #DCFamily