,,,,,,
,alaatweets,,,,,
,kaj33,,,,,
,ShareefAbdur_R,,,,,
,alexabrines,,,,,
,QuincyAcy,,,,,
,10jadams,,,,,
,jordanadams1231,,,,,
,RealStevenAdams,,,,,
,Bam1of1,,,,,
,Adrien4,,,,,
,moeager,,,,,
,danielrainge,,,,,
,AjincaAlexis42,,,,,
,furkanaldemir19,,,,,
,colea45,,,,,
,aldridge_12,,,,,
,CAlexander,,,,,
,balford20,,,,,
,Iam_RawleAlkins,,,,,
,GraysonJAllen,,,,,
,_bigjayy_,,,,,
,THEleekAllen30,,,,,
,greenRAYn20,,,,,
,aa000G9,,,,,
,FreeMoAlmond,,,,,
,JohnAmaechi,,,,,
,farouq1,,,,,
,LouAmundson17,,,,,
,ASqared06,,,,,
,cjanderson_23,,,,,
,JusAnderson1,,,,,
,chibbs_1,,,,,
,KyleAnderson5,,,,,
,Angola2411,,,,,
,IkePostrs_,,,,,
,Giannis_An34,,,,,
,Kostas_ante13,,,,,
,carmeloanthony,,,,,
,GregAnthony50,,,,,
,OAnunoby,,,,,
,RobertArchibald,,,,,
,RyArch15,,,,,
,agentzeroshow,,,,,
,TrevorAriza,,,,,
,bjarmstrong,,,,,
,DarrellArthur00,,,,,
,melartis1,,,,,
,_Bash21,,,,,
,AsikOmer,,,,,
,Gustavo_Ayon15,,,,,
,DeandreAyton,,,,,
,KAzubuike7,,,,,
,Realbabbitt08,,,,,
,BLOCKchynski,,,,,
,BaconDwayne1000,,,,,
,MB3FIVE,,,,,
,RonBaker31,,,,,
,The_Fourth_Wade,,,,,
,R_Balkman32,,,,,
,ZO2_,,,,,
,TheBlurBarbosa,,,,,
,jjbareapr,,,,,
,AndreaBargnani,,,,,
,HBarnes,,,,,
,Matt_Barnes22,,,,,
,JBounce33,,,,,
,earldee,,,,,
,Barryathree,,,,,
,cbarry719,,,,,
,Rick24Barry,,,,,
,WillTheThrillB5,,,,,
,KDB_33,,,,,
,ShaneBattier,,,,,
,nicolas88batum,,,,,
,jerrydbayless,,,,,
,elginbaylor,,,,,
,aronbaynes,,,,,
,24Bazemore,,,,,
,VjBeachem,,,,,
,RealDealBeal23,,,,,
,Mbeasy5,,,,,
,easyst0,,,,,
,beaubeech02,,,,,
,marcobelinelli,,,,,
,flintstone14,,,,,
,1jordanbell,,,,,
,TroyBellS2P,,,,,
,fearthefro95,,,,,
,DBender03,,,,,
,jonathanbender9,,,,,
,AnthonyBennett,,,,,
,RealKITO,,,,,
,JoelBerryII,,,,,
,DairisBertans,,,,,
,DBertans_42,,,,,
,patbev21,,,,,
,JustinBibbs10,,,,,
,1MrBigShot,,,,,
,Khem_Birch,,,,,
,Jabari_Bird,,,,,
,bismackbiyombo,,,,,
,NemanjaBjelica,,,,,
,TarikBlack25,,,,,
,jblackmon2,,,,,
,DeJuan45,,,,,
,SteveBlake5,,,,,
,blakeney96,,,,,
,drayblatche,,,,,
,EBled2,,,,,
,JaronBgame,,,,,
,veezy_SQ,,,,,
,TrevonBluiett,,,,,
,Ryanboatright11,,,,,
,LeaderOfHorde,,,,,
,44Bojan,,,,,
,MuggsyBogues,,,,,
,andrewbogut,,,,,
,Jonahbolden43,,,,,
,itsbout_TIM,,,,,
,isaacbonga,,,,,
,MattBonner_SAS,,,,,
,DevinBook,,,,,
,35_Fitz,,,,,
,MisterCbooz,,,,,
,chrisbosh,,,,,
,1DBost,,,,,
,chrisboucher,,,,,
,Bowen12,,,,,
,rybo40,,,,,
,Cbrackins_33,,,,,
,Avery0Bradley,,,,,
,ToBrad1,,,,,
,taylorbraun2324,,,,,
,TheCoreyBrewer,,,,,
,RonnieBrewerJr,,,,,
,Primozbrezec,,,,,
,mikal_bridges,,,,,
,MilesBridges,,,,,
,amidabrimah,,,,,
,ZayBriscoe,,,,,
,MrJonBrockman,,,,,
,RBroekhoff45,,,,,
,Thirty2zero,,,,,
,dillonbrooks24,,,,,
,Marshon2,,,,,
,AlecBrown21,,,,,
,TwoShotOne,,,,,
,BBROWNLAU,,,,,
,BruceBrown11,,,,,
,deebrown11,,,,,
,D_Brown4,,,,,
,Bari_BrownIDF,,,,,
,FCHWPO,,,,,
,Zo_Brown,,,,,
,iMarkelBrown22,,,,,
,Troy_Brown33,,,,,
,jalenbrunson1,,,,,
,kobebryant,,,,,
,nolimittb31,,,,,
,CBudinger,,,,,
,ReggieBullock35,,,,,
,TreyBurke,,,,,
,AlecBurks10,,,,,
,antonioburks,,,,,
,DeonteBurton,,,,,
,DeeBurton30,,,,,
,realtuffjuice,,,,,
,JimmyButler,,,,,
,RasualButler45,,,,,
,BuycksWorld13,,,,,
,Bruno_Caboclo,,,,,
,Exhoopsmc,,,,,
,Nick_Calathes15,,,,,
,JmCalderon,,,,,
,CaldwellPope,,,,,
,MarcusCamby23,,,,,
,SiP03,,,,,
,CapelaClint,,,,,
,RebuildCaracter,,,,,
,BrianCardinal,,,,,
,AntoineCarr55,,,,,
,MrCavalier34,,,,,
,PhilippeChow_,,,,,
,DeMarreCarroll1,,,,,
,matt13carroll,,,,,
,mrvincecarter15,,,,,
,wendellcarter34,,,,,
,MCW1,,,,,
,Casspi18,,,,,
,THEwillieCS15,,,,,
,caupain10,,,,,
,tycav34,,,,,
,cedceballos,,,,,
,mchalmers15,,,,,
,tysonchandler,,,,,
,wilsonchandler,,,,,
,joe_chealey,,,,,
,JChillin,,,,,
,Chiozza11,,,,,
,quese,,,,,
,TheDougChristie,,,,,
,Dchristmas22,,,,,
,R_Xmas25,,,,,
,SemajChriston,,,,,
,Im_Keithclanton,,,,,
,Gary11_Clark,,,,,
,IanClark,,,,,
,JordanClarksons,,,,,
,clavelito04,,,,,
,Victor_Claver,,,,,
,speeddeamon,,,,,
,Mateen_Cleaves,,,,,
,ac_uno1,,,,,
,JC40A3,,,,,
,44TheLegend,,,,,
,jarronctwin,,,,,
,jcollins20_,,,,,
,SHERRONCOLLINS4,,,,,
,zcollins_33,,,,,
,bigrussia5,,,,,
,Darren_Collison,,,,,
,nickcollison4,,,,,
,Bacolson35,,,,,
,mconley11,,,,,
,PlanetPat5,,,,,
,CHILLCONROY,,,,,
,DC4Three,,,,,
,QCook323,,,,,
,c4_cooke,,,,,
,JackCooligan45,,,,,
,ShowtimeCooper,,,,,
,izaycordinier,,,,,
,boogiecousins,,,,,
,Holla_At_Rob33,,,,,
,allencrabbe,,,,,
,ACraft4,,,,,
,TCraig_23,,,,,
,clutchcrawford3,,,,,
,TheRealDrewski1,,,,,
,JCrossover,,,,,
,JoeCrawford5,,,,,
,jcraw55,,,,,
,AustinCroshere,,,,,
,JohnCrottyHEAT,,,,,
,CJC9BOSS,,,,,
,DlamarC33,,,,,
,J1Flight,,,,,
,Eddy_Curry,,,,,
,sdotcurry,,,,,
,StephenCurry30,,,,,
,DangubicNemanja,,,,,
,D_Daniels2,,,,,
,Marquis_Daniels,,,,,
,troydaniels,,,,,
,GigiDatome,,,,,
,AntDavis23,,,,,
,BaronDavis,,,,,
,deyontadavis23,,,,,
,eddavisXVII,,,,,
,iambigbaby11,,,,,
,dre_dawkins,,,,,
,Adaye5,,,,,
,d_dedmon3,,,,,
,dekker,,,,,
,VinnyDHoops,,,,,
,foe23,,,,,
,cabezadelfino,,,,,
,AngelDelgado,,,,,
,matthewdelly,,,,,
,LuolDeng9,,,,,
,MizzouMonster12,,,,,
,SDennis14,,,,,
,MRDYSON1022,,,,,
,DeMar_DeRozan,,,,,
,cheick_diallo13,,,,,
,hamidoudiallo,,,,,
,theborisdiaw,,,,,
,GorguiDieng,,,,,
,danidiez11,,,,,
,SDinwiddie_25,,,,,
,sagana7,,,,,
,bgoodvlade,,,,,
,Mr_HeatCheck,,,,,
,luka7doncic,,,,,
,TDORSEY_1,,,,,
,staytuned21,,,,,
,zayrd1,,,,,
,MDLU35,,,,,
,Dozier_Kid,,,,,
,Goran_Dragic,,,,,
,AndreDrummond,,,,,
,JaredDudley619,,,,,
,KrisDunn3,,,,,
,RDupree12,,,,,
,KDTrey5,,,,,
,DatGuy_Trey,,,,,
,Clearly_BallLyf,,,,,
,markeaton7ft4,,,,,
,DevinEbanks3,,,,,
,JarellEddie,,,,,
,MelvinEjim,,,,,
,HenryEllenson13,,,,,
,WayneElli22,,,,,
,seanelliott_32,,,,,
,JoelEmbiid,,,,,
,AlexEnglish_2,,,,,
,Englishscope24,,,,,
,JamesDa_Truth,,,,,
,TylerEnnis,,,,,
,JuliusErving,,,,,
,DrewEubanks12,,,,,
,JacobEvans_1,,,,,
,j3vans1_,,,,,
,JeremyEvans40,,,,,
,K3vans12,,,,,
,ReggieEvans30,,,,,
,TyrekeEvans,,,,,
,pewingjr6,,,,,
,daanteee,,,,,
,christeyenga31,,,,,
,festus,,,,,
,MrFamous_CME,,,,,
,KennethFaried35,,,,,
,dfavors14,,,,,
,CarrickFelixIMC,,,,,
,C_Felix0,,,,,
,RFeltonGBMS,,,,,
,the2kferguson,,,,,
,rudy5fernandez,,,,,
,YogiFerrell11,,,,,
,landryfields,,,,,
,MichaelFinley,,,,,
,doefinney_10,,,,,
,derekfisher,,,,,
,BrynjForbes,,,,,
,tj_ford,,,,,
,EvanFourmizz,,,,,
,swipathefox,,,,,
,RickFox,,,,,
,randyfoye,,,,,
,afoyle3131,,,,,
,SteveFranchise3,,,,,
,melvinjrrr,,,,,
,Timfraz23,,,,,
,WaltFrazier,,,,,
,jimmerfredette,,,,,
,Channing_Frye,,,,,
,MarkelleF,,,,,
,WenyenGabriel,,,,,
,DGadzuric,,,,,
,gallinari8888,,,,,
,LangGalloway10,,,,,
,patitogarino,,,,,
,KevinGarnett5KG,,,,,
,kingarrett10,,,,,
,MarcGasol,,,,,
,paugasol,,,,,
,Kaisergates,,,,,
,RudyGay,,,,,
,mikegbinije,,,,,
,GeeAlonzo,,,,,
,Yg_Trece,,,,,
,GTMGH3,,,,,
,BooBysWorld1,,,,,
,TajGibson22,,,,,
,JGidd4,,,,,
,HGizzle1,,,,,
,shaiglalex,,,,,
,kendallg13,,,,,
,ArtisGilmore53,,,,,
,manuginobili,,,,,
,rudygobert27,,,,,
,GotGomes,,,,,
,DrewGooden,,,,,
,VeEG00D,,,,,
,A1Laflare10,,,,,
,goodysav,,,,,
,Double0AG,,,,,
,TheofficialEG10,,,,,
,MGortat,,,,,
,Devonte4Graham,,,,,
,Torian_Graham,,,,,
,TreBall21,,,,,
,dgranger33,,,,,
,bwgrant,,,,,
,horacegrant54,,,,,
,JeramiGrant,,,,,
,JerianGrant,,,,,
,DonteGrantham32,,,,,
,ThatsJoshGray,,,,,
,iRob_G,,,,,
,NBA_Ironman,,,,,
,DGreen_14,,,,,
,Money23Green,,,,,
,G650G,,,,,
,Jmyke1,,,,,
,unclejeffgreen,,,,,
,dontegreeneCOS,,,,,
,blakegriffin23,,,,,
,EGRIFFDaSTORY,,,,,
,tgriff32,,,,,
,GudaitisAG,,,,,
,HamedHaddadi15,,,,,
,Isaacham_10,,,,,
,johnny_tall,,,,,
,J_Goin_HAM,,,,,
,Justin__41,,,,,
,ripcityhamilton,,,,,
,D_Hannahs,,,,,
,bhans23,,,,,
,THANS50,,,,,
,travishansen24,,,,,
,Iam1Cent,,,,,
,HardawaySr,,,,,
,T_HardJR,,,,,
,JHarden13,,,,,
,moe_harkless,,,,,
,D_Harp_12,,,,,
,Tru_Harp32,,,,,
,mharpring15,,,,,
,MONSTATREZZ,,,,,
,BigJorts55,,,,,
,cheddahcheese7,,,,,
,Dev34Harris,,,,,
,EliasJMHarris,,,,,
,thats_G_,,,,,
,JoeHarris4,,,,,
,313MannyHarris,,,,,
,TheRealMH33,,,,,
,T_Harris87,,,,,
,tobias31,,,,,
,AaronICE2,,,,,
,DrewRoc5,,,,,
,joshhart,,,,,
,Ipjh55,,,,,
,YoungTRaaw,,,,,
,ThisIsUD,,,,,
,spencerhawes00,,,,,
,c_hayes44,,,,,
,NIGEL_HAYES,,,,,
,gordonhayward,,,,,
,SpencerHaywood,,,,,
,GhJr09,,,,,
,t_henny3,,,,,
,mykehenry20,,,,,
,XavierHenry,,,,,
,Johnhenson31,,,,,
,HentonBuckets23,,,,,
,juanchohg14,,,,,
,willyhg94,,,,,
,c_herren,,,,,
,kherv_25,,,,,
,MarioHezonja,,,,,
,Roy_Meets_World,,,,,
,IDHicks,,,,,
,buddyhield,,,,,
,chiggins11,,,,,
,Bigscony,,,,,
,NeneHilario42,,,,,
,George_Hill3,,,,,
,realgranthill33,,,,,
,solohill,,,,,
,darrunhilliard,,,,,
,ParkaySmooth,,,,,
,Follow24Hodge,,,,,
,Dj_hogg1,,,,,
,ISUMayor32,,,,,
,The_4th_Holiday,,,,,
,Jrue_Holiday11,,,,,
,JustHolla7,,,,,
,Jholland_23,,,,,
,LionelHollins14,,,,,
,TheRyanHollins,,,,,
,Rich_Holmes22,,,,,
,mdhhoops,,,,,
,thoneycutt23,,,,,
,rodneyhood,,,,,
,Shopson32,,,,,
,Al_Horford,,,,,
,DHorner31,,,,,
,KHornsby4,,,,,
,DanuelHouseJr,,,,,
,ALLAN_HOUSTON,,,,,
,DwightHoward,,,,,
,Lester26Hudson,,,,,
,Huertas09,,,,,
,KevinHuerter,,,,,
,jhuestis,,,,,
,RobbieHummel,,,,,
,IsaacHumphries7,,,,,
,KrisHumphries,,,,,
,BobbyHurley11,,,,,
,CmoHutchison,,,,,
,sergeibaka_7,,,,,
,andre,,,,,
,Joeingles7,,,,,
,DamienINGLIS,,,,,
,B_Ingram13,,,,,
,Be_LikeIKE,,,,,
,KyrieIrving,,,,,
,jisaac_01,,,,,
,alleniverson,,,,,
,ROYALTIVEY,,,,,
,_Iwundu25,,,,,
,Jarrettjack03,,,,,
,TheBobbyJackson,,,,,
,DBlock_Official,,,,,
,D_Jay11,,,,,
,FWJackson15,,,,,
,jarenjacksonjr,,,,,
,jimjackson419,,,,,
,j_josh11,,,,,
,JJacks_44,,,,,
,JJacks_44,,,,,
,MarkJackson13,,,,,
,Reggie_Jackson,,,,,
,DaTrillStak5,,,,,
,BernardJame5,,,,,
,KONJames10,,,,,
,KingJames,,,,,
,mikejames7,,,,,
,mjanning23,,,,,
,OthyusTheGreat,,,,,
,AmileJefferson,,,,,
,CoryJay34,,,,,
,JohnnyCashVU23,,,,,
,JonasJerebko,,,,,
,PoohJeter,,,,,
,AlizeJohnson,,,,,
,IamAmirJohnson,,,,,
,AJALLDAY1,,,,,
,CoachAvery6,,,,,
,Bean_J20,,,,,
,bjohnson_23,,,,,
,DakariJohnson,,,,,
,Jumpshot8,,,,,
,JaJuanJohnson,,,,,
,IamJJ3,,,,,
,JayGlooo10,,,,,
,TheJoeJohnson7,,,,,
,KJ_MayorJohnson,,,,,
,MagicJohnson,,,,,
,olskool888,,,,,
,OrlandoVJohnson,,,,,
,Regg_42,,,,,
,iAmSJ,,,,,
,RealTJohnson,,,,,
,wjohnson67,,,,,
,KingMe_DJ1,,,,,
,Jok_City14,,,,,
,JokicNikola15,,,,,
,dahntay1,,,,,
,dameology,,,,,
,d19j,,,,,
,djones19,,,,,
,DequanMJones,,,,,
,TheRea1DJones,,,,,
,matt13jones_,,,,,
,Perry_Jones1,,,,,
,Slim_j12,,,,,
,TerrenceJones1,,,,,
,1Tyus,,,,,
,DeAndre,,,,,
,Cory_Joe,,,,,
,RealKrisJo,,,,,
,ChrisKaman,,,,,
,FSKPart3,,,,,
,Enes_Kanter,,,,,
,ilknkrmn,,,,,
,kazemiworld,,,,,
,Ktidjan,,,,,
,RyanKelly34,,,,,
,gkelser32,,,,,
,SunsTK,,,,,
,LukeKennard5,,,,,
,SteveKerr,,,,,
,RealJasonKidd,,,,,
,MKG14,,,,,
,SeanKilpatrick,,,,,
,CrownMeKing5_,,,,,
,Stacey21King,,,,,
,MaxiKleber,,,,,
,Goodknight11,,,,,
,brevinknight22,,,,,
,KevKnox,,,,,
,FurkanKorkmaz,,,,,
,KyleKorver,,,,,
,kostakoufos,,,,,
,kulboka98,,,,,
,KIngKK_14,,,,,
,RODIONS1,,,,,
,kylekuzma,,,,,
,MKuzminskas,,,,,
,OneBigHaitian,,,,,
,laettnerbball,,,,,
,Lac25_,,,,,
,DLamb20,,,,,
,ShaneLarkin_3,,,,,
,_TL22,,,,,
,1JOLOLO,,,,,
,ZachLaVine,,,,,
,TyLawson3,,,,,
,JLayman10,,,,,
,leafsquad22,,,,,
,REALRICKLEDO1,,,,,
,CourtneyLee2211,,,,,
,Dami0nLee,,,,,
,Dlee042,,,,,
,WaltLemon,,,,,
,alexlen,,,,,
,kawhileonard,,,,,
,MeyersLeonard11,,,,,
,FlightLeslie23,,,,,
,ThiasLsf,,,,,
,JonLeuer30,,,,,
,CarisLeVert,,,,,
,Treylew3,,,,,
,Dreliggs34,,,,,
,Dame_Lillard,,,,,
,JLin7,,,,,
,ScottieLindsey,,,,,
,ShaunLivingston,,,,,
,23Llull,,,,,
,ZachLofton,,,,,
,Loon_Rebel5,,,,,
,rolopez42,,,,,
,kevinlove,,,,,
,lovingthegame32,,,,,
,Klow7,,,,,
,jloyd_3,,,,,
,JLEnterprises,,,,,
,Luke1luk,,,,,
,timcabs,,,,,
,Tyler_Lydon14,,,,,
,_jlyles,,,,,
,TreyLyles,,,,,
,sheldonmacc,,,,,
,_ScottMachado,,,,,
,ShelvinMack,,,,,
,vernon_macklin,,,,,
,_dmacon4,,,,,
,jpmacura,,,,,
,madsen_mark,,,,,
,joshmagette,,,,,
,Corey_Maggette,,,,,
,ianmahinmi,,,,,
,DanMajerle,,,,,
,ThonMaker14,,,,,
,TheDeliverer_32,,,,,
,coachdmanning,,,,,
,DevMarble,,,,,
,StarburyMarbury,,,,,
,matrix31,,,,,
,BobanMarjanovic,,,,,
,MarkkanenLauri,,,,,
,Dmarsh42,,,,,
,KButter5,,,,,
,CartierMartin,,,,,
,MartinJarell,,,,,
,KenyonMartinSr,,,,,
,jamalmashburn,,,,,
,FrankMason0,,,,,
,MoneyMase,,,,,
,YoungMoney_11,,,,,
,JordanMathews22,,,,,
,M_Mango32,,,,,
,WessyWes23,,,,,
,JasonMaxiell,,,,,
,vernonmaxwell11,,,,,
,BigMay42,,,,,
,EMaynor3,,,,,
,mbahamoute,,,,,
,jamesmcadoo,,,,,
,215tahj,,,,,
,RayMac3,,,,,
,PMcCaw0,,,,,
,CJMcCollum,,,,,
,MickeyMcConnell,,,,,
,TJMcConnell,,,,,
,TimMcCormick40,,,,,
,Mccoy_blvd,,,,,
,briskuno,,,,,
,KJMcDaniels,,,,,
,dougmcdermott,,,,,
,Skinnypalmer,,,,,
,mitchmcgary,,,,,
,JaValeMcGee,,,,,
,Real_T_Mac,,,,,
,RodneyMcGruder,,,,,
,JimMcIlvaine,,,,,
,coachkmc3,,,,,
,TreyMJ04,,,,,
,_Alvo_,,,,,
,itsmclaughlin11,,,,,
,BenMcLemore,,,,,
,jerel_mcneal,,,,,
,JordyMac52,,,,,
,JoshMcRoberts11,,,,,
,Jmeeks20,,,,,
,asapmeeks03,,,,,
,50Mejri,,,,,
,DeAnthonyMelton,,,,,
,Chimezie_Metu,,,,,
,YoungDav16,,,,,
,Jmickey_02,,,,,
,Khris22m,,,,,
,masfresco,,,,,
,DmillerKY,,,,,
,MalcMili13,,,,,
,MikeMiller_13,,,,,
,qmillertime,,,,,
,ReggieMillerTNT,,,,,
,CMMPatience,,,,,
,Patty_Mills,,,,,
,Elijah_Millsap,,,,,
,Paulmillsap4,,,,,
,SniperShake,,,,,
,NMilutinov,,,,,
,YaoMing,,,,,
,threekola,,,,,
,ajmitchell25,,,,,
,spidadmitchell,,,,,
,SamMitchellNBA,,,,,
,TonyMitchUNENO,,,,,
,tmitch_5,,,,,
,NazzyJML,,,,,
,mitar_mitar9,,,,,
,NazrMohammed,,,,,
,AhmadMonk,,,,,
,EarlThePearl_15,,,,,
,M10OSE,,,,,
,JaminTheFiend,,,,,
,ETwaun55,,,,,
,EricMoreland15,,,,,
,YannisMorin,,,,,
,dariusmorris4,,,,,
,MookMorris2,,,,,
,Keefmorris,,,,,
,MonteMorris11,,,,,
,MrAnthonyMorrow,,,,,
,DonatasMot,,,,,
,brockm12,,,,,
,amoultrie,,,,,
,emmanuelmudiay,,,,,
,ShabazzMuhammad,,,,,
,xaviermunford,,,,,
,21__louie,,,,,
,KMurph_55,,,,,
,DejounteMurray,,,,,
,BeMore27,,,,,
,RealTracyMurray,,,,,
,toure_murry,,,,,
,DzananM13,,,,,
,mikemuscala,,,,,
,officialmutombo,,,,,
,Sviat_10,,,,,
,H55ndiaye,,,,,
,BokiNachbar,,,,,
,Larrydn22,,,,,
,ShabazzNapier,,,,,
,SteveNash,,,,,
,TooHotFiDem,,,,,
,jameernelson,,,,,
,RaulTogni,,,,,
,jnewNBA,,,,,
,iammaliknewman,,,,,
,GeorgesNiang20,,,,,
,nicholaf44,,,,,
,NormNixon,,,,,
,landry_nnoko,,,,,
,JoakimNoah,,,,,
,SoyElChapu,,,,,
,NerlensNoel3,,,,,
,Bebe92,,,,,
,stevenovak16,,,,,
,swish41,,,,,
,FrankLikina,,,,,
,nunnbetter_,,,,,
,AllorNunn21,,,,,
,bosnianbeast27,,,,,
,dnwaba0,,,,,
,ike_nwamu,,,,,
,13POB13,,,,,
,jermaineoneal,,,,,
,SHAQ,,,,,
,BucketsONeale00,,,,,
,Kyle_OQuinn,,,,,
,CharlesOakley34,,,,,
,obricio7,,,,,
,RealLamarOdom,,,,,
,Semi,,,,,
,BigMek50,,,,,
,JahlilOkafor,,,,,
,ElieOkobo_0,,,,,
,CallMe_NonStop,,,,,
,MehmetOkur13,,,,,
,VicOladipo,,,,,
,DR34M,,,,,
,SpaceCamm,,,,,
,KellyOlynyk,,,,,
,arinze_onuaku,,,,,
,chinanu_onuaku,,,,,
,aoriakhi42,,,,,
,danielorton21,,,,,
,cediosman,,,,,
,yakubaouattara,,,,,
,KELLYOUBREJR,,,,,
,zaza27,,,,,
,G_P_06,,,,,
,jpargo1,,,,,
,_AnthonyParker,,,,,
,JabariParker,,,,,
,tonyparker,,,,,
,ChandlerParsons,,,,,
,AnzejsP,,,,,
,LP21_,,,,,
,pdpatt,,,,,
,JustinPatton17,,,,,
,CP3,,,,,
,Adreian_Payne,,,,,
,campayne,,,,,
,elfrid,,,,,
,GaryPayton_,,,,,
,ljpeak1,,,,,
,NorvelPelle05,,,,,
,Will_Perdue32,,,,,
,KendrickPerkins,,,,,
,London_Tyus,,,,,
,petersalec,,,,,
,JimPeteHoops,,,,,
,mopete24,,,,,
,Luke_Petrasek,,,,,
,John_Petrucelli,,,,,
,_TP5,,,,,
,paulpierce34,,,,,
,MickaelPietrus,,,,,
,tpinsonn,,,,,
,ScottiePippen,,,,,
,marshallplumlee,,,,,
,masonplumlee,,,,,
,milesplumlee13,,,,,
,JakobPoeltl,,,,,
,Sirdom1,,,,,
,__KP,,,,,
,OldenPolynice1,,,,,
,QuincyPondexter,,,,,
,MPJr,,,,,
,terryporter30,,,,,
,BPortistime,,,,,
,kporzee,,,,,
,Leon_Powe,,,,,
,DwightPowell33,,,,,
,JP21Reasons,,,,,
,npowell2404,,,,,
,cprather24,,,,,
,philpressey,,,,,
,nolimitbill,,,,,
,realAJPrice,,,,,
,Mark25Price,,,,,
,PPrigioni9,,,,,
,Profit4eva,,,,,
,Jpullz0,,,,,
,Gpurvooo,,,,,
,officialzhouqi,,,,,
,TimQuarterman1,,,,,
,YoungIvee,,,,,
,nikoradicevic,,,,,
,ChassonRandle,,,,,
,J30_RANDLE,,,,,
,TheARandolph,,,,,
,LeviRandolph20,,,,,
,MacBo50,,,,,
,xrm_22,,,,,
,shotblocker42,,,,,
,LeoRautins,,,,,
,JJRedick,,,,,
,ClutchREED_5,,,,,
,CamoCinco,,,,,
,glenrice41,,,,,
,jrich23,,,,,
,J_Rich1,,,,,
,KingMali23,,,,,
,QRich,,,,,
,MitchRichmond23,,,,,
,AustinRivers25,,,,,
,DocRivers,,,,,
,FlyDre21,,,,,
,RonaldRoberts5,,,,,
,UncleCliffy30,,,,,
,DavidtheAdmiral,,,,,
,drob7nson,,,,,
,D_Bo20,,,,,
,GRIII,,,,,
,Rome_Coldbucks1,,,,,
,23savage____,,,,,
,nate_robinson,,,,,
,Trobinson0,,,,,
,dennisrodman,,,,,
,desirodriguez6,,,,,
,SergioRodriguez,,,,,
,RajonRondo,,,,,
,drose,,,,,
,jalenrose,,,,,
,T_DotFlight31,,,,,
,T_Rozzay3,,,,,
,rickyrubio9,,,,,
,Damjan_Rudez,,,,,
,BRush_25,,,,,
,kareemrush,,,,,
,realbillrussell,,,,,
,BRuss3,,,,,
,Dloading,,,,,
,Dsabonis11,,,,,
,Bobby_Sacre,,,,,
,thejohnsalley,,,,,
,KarrSampson14,,,,,
,2_E_A_Z_Y,,,,,
,l8show_thegoat,,,,,
,dariosaric,,,,,
,satoransky,,,,,
,Scalabrine,,,,,
,Dschrempf,,,,,
,DennisMike93,,,,,
,LScola4,,,,,
,dennis3dscott,,,,,
,mikescott,,,,,
,ThaboSefolosha,,,,,
,jsenglin_30,,,,,
,kslife7,,,,,
,SessionsRamon,,,,,
,CollinYoungBull,,,,,
,landryshamet,,,,,
,TokoShengelia23,,,,,
,imanshumpert,,,,,
,pskills43,,,,,
,LCSikma43,,,,,
,XavierSilas,,,,,
,Big_G_21,,,,,
,BenSimmons25,,,,,
,bobbysimmons21,,,,,
,ThaRealJsimms,,,,,
,AnferneeSimons,,,,,
,H_Sims14,,,,,
,hellosatnam,,,,,
,KyleSingler,,,,,
,SeanSingletary,,,,,
,C_SING31,,,,,
,PeypeySiva3,,,,,
,slay9,,,,,
,dsloan15,,,,,
,smart_MS3,,,,,
,Csmeezy1,,,,,
,Dennis1SmithJr,,,,,
,Ju_Smith4,,,,,
,ishsmith,,,,,
,TheRealJRSmith,,,,,
,JasonSmith014,,,,,
,JSmith_8,,,,,
,JoeBeast95,,,,,
,TheJetOnTNT,,,,,
,NdotSmitty,,,,,
,scoesh0w,,,,,
,scoochstackin,,,,,
,steve21smith,,,,,
,AnalystTSmith34,,,,,
,SuperDuperZach,,,,,
,zhaire_smith,,,,,
,RaySpalding_4,,,,,
,Mospeights16,,,,,
,omari_spellman,,,,,
,tiagosplitter,,,,,
,spriggy35,,,,,
,jerrystackhouse,,,,,
,360StatueofLibe,,,,,
,jonathanstark02,,,,,
,StarksTheDunk,,,,,
,NStauskas11,,,,,
,StephensonLance,,,,,
,gregstiemsma,,,,,
,dstockton32,,,,,
,MikeStock20,,,,,
,JarnellStokes,,,,,
,Diamond_Stone33,,,,,
,Julyan_Stone,,,,,
,Amareisreal,,,,,
,rod_strickland,,,,,
,Jared_Sully0,,,,,
,EdmondSumner,,,,,
,calebswanigan50,,,,,
,wallyball,,,,,
,BlessedTaft,,,,,
,jaytatum0,,,,,
,waltertavares22,,,,,
,jtaylor8ball,,,,,
,tyshawntaylor,,,,,
,Teague0,,,,,
,marquisteague25,,,,,
,BassyS31T,,,,,
,GTemp14,,,,,
,MilosTeodosic4,,,,,
,JaredTerrell32,,,,,
,EmanuelTerry08,,,,,
,jasonterry31,,,,,
,HasheemTheDream,,,,,
,Xthames2,,,,,
,dtheis10,,,,,
,ReggieTheus,,,,,
,AllDayThomas,,,,,
,DT1UpNComin,,,,,
,isaiahthomas,,,,,
,IsiahThomas,,,,,
,Khyri_2,,,,,
,MrLance42,,,,,
,Sobeastly_25,,,,,
,jtthekid,,,,,
,KlayThompson,,,,,
,champagnennuts,,,,,
,MychelThompson,,,,,
,RyT5,,,,,
,TrevBallinTrey2,,,,,
,RealTristan13,,,,,
,AThornton14,,,,,
,OfficialMT23,,,,,
,M3Thornton,,,,,
,Sin_City_803,,,,,
,jatinsley,,,,,
,miketobey10,,,,,
,AirPierreTokoto,,,,,
,ATolliver44,,,,,
,toups_33,,,,,
,KarlTowns,,,,,
,gtrentjr,,,,,
,Ttrice20,,,,,
,_STAYMELO,,,,,
,DoeTuck,,,,,
,hidoturkoglu15,,,,,
,thekidet,,,,,
,Original_Turner,,,,,
,jeremytyler3,,,,,
,EkpeUdoh,,,,,
,BenoUdrih1,,,,,
,tullis3,,,,,
,Mr_Uthoff,,,,,
,JValanciunas,,,,,
,denzelvalentine,,,,,
,vanexel31,,,,,
,JVando,,,,,
,FredVanVleet,,,,,
,VAREJAOANDERSON,,,,,
,RealSwat32,,,,,
,greivisvasquez,,,,,
,ShowtimeMr1,,,,,
,JanVesely24,,,,,
,NoahVonleh,,,,,
,NikolaVucevic,,,,,
,SashaVujacic,,,,,
,DwyaneWade,,,,,
,vonwafer13,,,,,
,moritz_weasley,,,,,
,dionwaiters3,,,,,
,WalkerAntoine8,,,,,
,KembaWalker,,,,,
,lonniewalker_4,,,,,
,twalk_02,,,,,
,twalkup23,,,,,
,JohnWall,,,,,
,Fear_DaFro,,,,,
,taureanprince,,,,,
,BillWalton,,,,,
,DerrickWalton10,,,,,
,phillybul_22,,,,,
,Fullcoursemeelz,,,,,
,tonywarrenjr,,,,,
,hdubb21,,,,,
,Cwat205,,,,,
,quietstorm_32,,,,,
,Earl_Watson,,,,,
,MaalikWayns2,,,,,
,traviswear,,,,,
,kyleweaver5,,,,,
,realchriswebber,,,,,
,Sir_deuce2,,,,,
,MartellWebster,,,,,
,Sonny13,,,,,
,BonziWells,,,,,
,tomwelsh40,,,,,
,34billy42,,,,,
,D_West30,,,,,
,delontewest,,,,,
,mwest41,,,,,
,C_Westbrook1,,,,,
,russwest44,,,,,
,Aaron_White30,,,,,
,AndrewWhite03,,,,,
,dj_white3,,,,,
,Dwhite921,,,,,
,owhite10,,,,,
,Highway_30,,,,,
,TerricoWhite5,,,,,
,isaiahwhitehead,,,,,
,youngwhiteside,,,,,
,22wiggins,,,,,
,scottiew_5,,,,,
,UCjwilcox23W,,,,,
,Jwiley_24,,,,,
,dwilkins3000,,,,,
,DWilkins21,,,,,
,isaiahwilkins21,,,,,
,alantwilliams,,,,,
,DeronWilliams,,,,,
,DWXXIII,,,,,
,ewill901,,,,,
,_JWilliams22,,,,,
,RealJayWilliams,,,,,
,JunkYardDogJW,,,,,
,Jwilliams20,,,,,
,williamskenrich,,,,,
,taybowl_,,,,,
,TeamLou23,,,,,
,1mattwill2,,,,,
,mowilliams,,,,,
,reggiew55,,,,,
,rob_williamsIII,,,,,
,SheldenWilliams,,,,,
,gogettatjwill,,,,,
,TheRealTWill,,,,,
,troywilliams_,,,,,
,NigelWG5,,,,,
,derek_willis33,,,,,
,Lanky_Smoove,,,,,
,jamilwilson_22,,,,,
,kwiltj,,,,,
,IAmJustise,,,,,
,JeffWithey,,,,,
,NateWolters,,,,,
,Chriswood_5,,,,,
,MettaWorldPeace,,,,,
,JamesWorthy42,,,,,
,bwright34,,,,,
,flyght33wright,,,,,
,delonwright,,,,,
,DWRIGHTWAY1,,,,,
,TWroten_LOE,,,,,
,Joeybuckets3,,,,,
,realjamesyoung,,,,,
,JoeyBuckets3,,,,,
,NickSwagyPYoung,,,,,
,SamYoung4,,,,,
,yungsmoove21,,,,,
,TheTraeYoung,,,,,
,zagorac_rade,,,,,
,TalibZanna,,,,,
,CodyZeller,,,,,
,LukeZeller40,,,,,
,ZellerTyler,,,,,
,BIGG_ZIMM,,,,,
,ante_zizic,,,,,
,ivicazubac,,,,,
,TomislavZubcic7,,,,,